identifier_plus_noun,identifier_count,noun_count,phrase_count,PMI
possible site,2,1,1,13.484822894262146
small room,44,100,16,6.381535085850124
2nd floor,1,22,1,10.025391275624848
duplex room,3,100,1,6.256004203766265
big window,9,5,3,10.577932298653627
high ceiling,4,3,3,12.484822894262146
hello rain,1,1,1,14.484822894262146
least i,1,2,1,13.484822894262146
duplex btw,3,1,1,12.899860393540989
more volume,13,1,1,10.784383176121054
high ceiling,4,3,3,12.484822894262146
next day,17,14,6,9.174967631675358
next day,17,14,6,9.174967631675358
best way,3,3,1,11.314897892819832
new room,8,100,2,5.840966704487421
wonderful waist,1,1,1,14.484822894262146
internal garden,1,2,1,13.484822894262146
big window,9,5,3,10.577932298653627
constant noise,3,7,2,11.092505471483385
vent tube,1,2,1,13.484822894262146
next day,17,14,6,9.174967631675358
most room,2,100,1,6.840966704487421
narrow step,6,4,1,9.899860393540989
single level,7,4,1,9.677467972204541
tea coffee,3,9,3,11.314897892819832
empty fridge,5,2,1,11.162894799374783
angry dog,1,1,1,14.484822894262146
heavy rainfall,2,1,1,13.484822894262146
common occurrence,4,1,1,12.484822894262146
earlier water,1,7,1,11.677467972204541
second floor,11,22,1,6.565959656987551
next door,17,9,6,9.81239755229065
old building,9,7,3,10.092505471483385
last night,3,15,1,8.99296979793247
different room,10,100,3,6.104001110321215
s room,6,100,1,5.256004203766265
only book,17,2,1,9.397360053011806
false advertising,1,1,1,14.484822894262146
together leaving,1,0,1,0.0
40th birthday,1,1,1,14.484822894262146
total mess,1,1,1,14.484822894262146
clean room,5,100,2,6.5190386096000585
actual room,2,100,2,7.840966704487421
quit dirty,1,2,1,13.484822894262146
also check,5,6,1,9.577932298653627
o clock,1,1,1,14.484822894262146
much noise,8,7,2,9.677467972204541
big noise,9,7,1,8.507542970762229
wrong direction,4,1,1,12.484822894262146
computerized telephone,1,1,1,14.484822894262146
basic room,4,100,2,6.840966704487421
old tv,9,4,1,9.314897892819832
wouldn t,1,8,1,11.484822894262146
steep step,9,4,2,10.314897892819832
negative comment,2,1,1,13.484822894262146
electronic key,1,1,1,14.484822894262146
t change,27,3,2,9.14497289137752
minor issue,3,8,2,10.899860393540989
upper level,2,4,2,12.484822894262146
narrow twist,6,1,1,11.899860393540989
mobile phone,3,2,2,12.899860393540989
thr tv,1,4,1,12.484822894262146
t work,27,3,2,9.14497289137752
loose cover,1,2,1,13.484822894262146
overrated disaster,1,1,1,14.484822894262146
other room,19,100,6,6.178001691764992
very disturbing,6,0,2,0.0
black bathroom,5,13,1,8.46245508123369
worst design,2,3,1,11.899860393540989
whole hotel,8,20,1,7.162894799374784
attic room,2,100,2,7.840966704487421
daylight robbery,1,1,1,14.484822894262146
s something,6,2,1,10.899860393540989
whole time,8,18,1,7.314897892819833
t feel,27,2,1,8.729935392098676
more annoying,13,1,1,10.784383176121054
other room,19,100,6,6.178001691764992
good sleep,21,3,1,8.507542970762229
amazing view,2,3,1,11.899860393540989
black glass,5,2,1,11.162894799374783
s cool,6,2,1,10.899860393540989
enough light,5,2,1,11.162894799374783
loft space,3,9,1,9.729935392098676
second tv,11,4,1,9.025391275624848
little lay,23,2,1,8.961260938205132
still renovating,3,0,1,0.0
different room,10,100,3,6.104001110321215
identical floorplans,1,1,1,14.484822894262146
little space,23,9,1,6.79133593676282
ongoing construction,1,7,1,11.677467972204541
little bit,23,9,4,8.79133593676282
pricey side,2,11,1,10.025391275624848
extensive restoration,3,1,1,12.899860393540989
old hospital,9,1,1,11.314897892819832
urine order,1,1,1,14.484822894262146
mattress pad,1,1,1,14.484822894262146
lady pushing,1,0,1,0.0
poor sign,4,2,1,11.484822894262146
temporary reception,5,4,2,11.162894799374783
weird solution,2,1,1,13.484822894262146
only thing,17,12,6,9.397360053011806
more night,13,15,1,6.877492580512535
other room,19,100,6,6.178001691764992
great deal,6,5,2,10.577932298653627
temporary reception,5,4,2,11.162894799374783
dark area,2,7,1,10.677467972204541
central staircase,5,6,1,9.577932298653627
ordinary buffet,1,2,1,13.484822894262146
several part,4,3,1,10.899860393540989
little search,23,1,1,9.961260938205132
first floor,25,22,3,6.96649758657128
new wing,8,1,1,11.484822894262146
meant reception,1,4,1,12.484822894262146
temporary pop,5,1,1,12.162894799374783
window area,1,7,1,11.677467972204541
first rate,25,1,1,9.840966704487421
major construction,8,7,2,9.677467972204541
trained check,1,6,1,11.899860393540989
then serving,1,0,1,0.0
high ceiling,4,3,3,12.484822894262146
even saying,3,0,1,0.0
not cooling,17,1,2,11.397360053011806
second day,11,14,4,9.218036353567244
empty half,5,1,1,12.162894799374783
temporary lobby,5,1,1,12.162894799374783
empty courtyard,5,1,1,12.162894799374783
random bit,1,9,1,11.314897892819832
first floor,25,22,3,6.96649758657128
plumbing issue,1,8,1,11.484822894262146
cheap product,2,1,1,13.484822894262146
pretty canal,1,1,1,14.484822894262146
sterling transaction,1,2,1,13.484822894262146
full amount,5,1,1,12.162894799374783
menditory transaction,1,2,1,13.484822894262146
current state,1,3,1,12.899860393540989
main town,4,1,1,12.484822894262146
little disappointing,23,0,1,0.0
large group,3,1,1,12.899860393540989
not closing,17,1,1,10.397360053011806
second day,11,14,4,9.218036353567244
whole floor,8,22,1,7.025391275624848
not expecting,17,0,1,0.0
unavoidable stair,1,6,1,11.899860393540989
real task,4,1,1,12.484822894262146
more pillow,13,5,1,8.46245508123369
strange design,2,3,1,11.899860393540989
double bedroom,11,2,1,10.025391275624848
negative review,2,3,1,11.899860393540989
new management,8,2,2,11.484822894262146
elevated floor,1,22,1,10.025391275624848
t eat,27,1,1,9.729935392098676
bad attitude,14,2,1,9.677467972204541
only gripe,17,1,1,10.397360053011806
not being,17,0,1,0.0
sleep room,1,100,1,7.840966704487421
bad organisation,14,1,1,10.677467972204541
more coffee,13,9,1,7.614458174678741
whole trip,8,2,1,10.484822894262146
shower drain,6,2,2,11.899860393540989
uncomfortable chair,3,1,1,12.899860393540989
safe going,2,0,1,0.0
minor issue,3,8,2,10.899860393540989
young gentleman,3,1,1,12.899860393540989
young female,3,1,1,12.899860393540989
same time,13,18,2,7.614458174678741
better experience,7,7,1,8.870113050146937
fresh fruit,4,2,1,11.484822894262146
lovely room,3,100,1,6.256004203766265
changed room,1,100,1,7.840966704487421
next room,17,100,1,3.7535038632370816
sized room,1,100,1,7.840966704487421
main road,4,2,1,11.484822894262146
comfortable sharing,3,0,1,0.0
little detail,23,2,1,8.961260938205132
complete lack,2,2,1,12.484822894262146
powdered milk,1,1,1,14.484822894262146
also undergoing,5,0,1,0.0
serious renovation,1,4,1,12.484822894262146
massive construction,2,7,1,10.677467972204541
large room,3,100,1,6.256004203766265
t enjoy,27,1,1,9.729935392098676
good cleaning,21,2,1,9.092505471483385
extra pillow,6,5,1,9.577932298653627
nice varpet,6,1,1,11.899860393540989
tea coffee,3,9,3,11.314897892819832
hot choco,9,1,1,11.314897892819832
slow ask,3,1,1,12.899860393540989
table service,1,5,1,12.162894799374783
currently being,2,0,2,0.0
old building,9,7,3,10.092505471483385
initial room,1,100,1,7.840966704487421
long tiring,7,1,1,11.677467972204541
beautiful hotel,2,20,1,9.162894799374783
temporary wood,5,1,1,12.162894799374783
empty feel,5,2,1,11.162894799374783
inadequate drink,1,8,1,11.484822894262146
safe feeling,2,0,1,0.0
steep staircase,9,6,4,10.729935392098676
useful information,1,2,1,13.484822894262146
long wait,7,1,1,11.677467972204541
first room,25,100,6,5.782073015433853
freezing etc,1,2,1,13.484822894262146
last time,3,18,1,8.729935392098676
t change,27,3,2,9.14497289137752
horrible smell,4,9,3,10.89986039354099
even allowing,3,0,1,0.0
major renovation,8,4,2,10.484822894262146
possible toiletries,2,1,1,13.484822894262146
previous guest,5,9,2,9.99296979793247
official checkout,2,1,1,13.484822894262146
checkin time,1,18,1,10.314897892819832
integral bathroon,1,1,1,14.484822894262146
terrible state,4,3,1,10.899860393540989
poor state,4,3,1,10.899860393540989
weird thing,2,12,1,9.899860393540989
electric chock,4,1,1,12.484822894262146
bad wireing,14,2,1,9.677467972204541
late check,1,6,1,11.899860393540989
electric problem,4,4,1,10.484822894262146
faulty wireing,1,2,1,13.484822894262146
such wireing,2,2,1,12.484822894262146
such information,2,2,1,12.484822894262146
common reas,4,1,1,12.484822894262146
free drink,9,8,5,10.636825987707196
loft room,3,100,1,6.256004203766265
birthday package,2,1,1,13.484822894262146
couldn t,1,8,1,11.484822894262146
disappointing stay,2,6,1,10.899860393540989
birthday weekend,2,1,1,13.484822894262146
differernt floor,1,22,1,10.025391275624848
good sound,21,2,1,9.092505471483385
web page,1,1,1,14.484822894262146
noise disturbance,2,1,1,13.484822894262146
also air,5,8,1,9.162894799374783
general cleanliness,3,1,1,12.899860393540989
old food,9,2,1,10.314897892819832
steep staircase,9,6,4,10.729935392098676
girl working,1,1,1,14.484822894262146
few thing,6,12,1,8.314897892819832
didn t,5,8,5,11.484822894262146
next day,17,14,6,9.174967631675358
very outgoing,6,0,1,0.0
great night,6,15,1,7.992969797932471
beautiful place,2,4,1,11.484822894262146
t case,27,1,1,9.729935392098676
desk staff,1,8,1,11.484822894262146
young men,3,1,1,12.899860393540989
female attendant,1,1,1,14.484822894262146
common area,4,7,2,10.677467972204541
dangerous metal,2,1,1,13.484822894262146
common area,4,7,2,10.677467972204541
impractical design,1,3,1,12.899860393540989
fair quality,1,6,1,11.899860393540989
dreary appearance,1,1,1,14.484822894262146
loud noise,5,7,2,10.35553987731718
first night,25,15,5,8.256004203766265
lovely hotel,3,20,1,8.577932298653627
t deliver,27,1,1,9.729935392098676
small bathroom,44,13,4,7.3249515574837565
quiet side,3,11,1,9.440428774903692
foreign payment,1,1,1,14.484822894262146
major renovation,8,4,2,10.484822894262146
major construction,8,7,2,9.677467972204541
next door,17,9,6,9.81239755229065
steep staircase,9,6,4,10.729935392098676
dangerous experience,2,7,1,10.677467972204541
friendly staff,2,8,1,10.484822894262146
first room,25,100,6,5.782073015433853
steep step,9,4,2,10.314897892819832
loft bed,3,14,1,9.092505471483385
cristal wall,1,3,1,12.899860393540989
other suite,19,2,1,9.23689538081856
smaller room,2,100,1,6.840966704487421
comfortable bed,3,14,1,9.092505471483385
entire bathroom,1,13,1,10.784383176121054
long time,7,18,2,8.507542970762229
just cleaning,6,2,1,10.899860393540989
slight set,1,1,1,14.484822894262146
along way,1,3,1,12.899860393540989
down stair,1,6,1,11.899860393540989
narrow wouldn,6,1,1,11.899860393540989
older people,2,4,1,11.484822894262146
good impression,21,3,1,8.507542970762229
more towel,13,3,1,9.199420675399898
like blood,1,1,1,14.484822894262146
much privacy,8,3,1,9.899860393540989
other gift,19,1,1,10.23689538081856
other belonging,19,0,1,0.0
storey room,1,100,1,7.840966704487421
narrow winding,6,0,1,0.0
main street,4,2,1,11.484822894262146
heated floor,1,22,1,10.025391275624848
wet shoe,1,1,1,14.484822894262146
first impression,25,3,2,9.256004203766265
dark reception,2,4,1,11.484822894262146
duplex suite,3,2,1,11.899860393540989
dutch stair,1,6,1,11.899860393540989
most accommodating,2,0,1,0.0
didn t,5,8,5,11.484822894262146
only place,17,4,1,8.397360053011806
cold spell,8,2,2,11.484822894262146
first room,25,100,6,5.782073015433853
second room,11,100,3,5.96649758657128
huge cold,5,2,1,11.162894799374783
graded backpacker,1,1,1,14.484822894262146
picturesque hotel,1,20,1,10.162894799374783
old school,9,1,1,11.314897892819832
major re,8,1,1,11.484822894262146
expensive hotel,6,20,1,7.577932298653627
expensive room,6,100,2,6.256004203766265
cold bacon,8,3,1,9.899860393540989
congealed fat,1,1,1,14.484822894262146
only complaint,17,2,2,10.397360053011806
little construction,23,7,1,7.153906016147529
free drink,9,8,5,10.636825987707196
wooden platform,1,1,1,14.484822894262146
first room,25,100,6,5.782073015433853
currently being,2,0,2,0.0
deluxe room,1,100,1,7.840966704487421
extensive building,3,7,1,10.092505471483385
busy road,2,2,1,12.484822894262146
clean paint,5,1,1,12.162894799374783
first night,25,15,5,8.256004203766265
feeble excuse,1,1,1,14.484822894262146
full refund,5,1,1,12.162894799374783
better hotel,7,20,1,7.355539877317179
terrible experience,4,7,1,9.677467972204541
major problem,8,4,1,9.484822894262146
didn t,5,8,5,11.484822894262146
much impact,8,1,1,11.484822894262146
bottom floor,1,22,1,10.025391275624848
strong eggy,1,1,1,14.484822894262146
actual room,2,100,2,7.840966704487421
abnormal smell,1,9,1,11.314897892819832
completely considering,1,0,1,0.0
neater ie,1,1,1,14.484822894262146
more sofa,13,1,1,10.784383176121054
better breakfast,7,12,2,9.092505471483385
soft closing,3,1,1,12.899860393540989
tiny twin,3,2,1,11.899860393540989
nicer room,1,100,1,7.840966704487421
only upset,17,1,1,10.397360053011806
fruit etc,2,2,1,12.484822894262146
extra cost,6,3,2,11.314897892819832
next door,17,9,6,9.81239755229065
bed side,2,11,1,10.025391275624848
remote control,1,1,1,14.484822894262146
also something,5,2,1,11.162894799374783
horrible smell,4,9,3,10.89986039354099
small room,44,100,16,6.381535085850124
free drink,9,8,5,10.636825987707196
small drink,44,8,1,6.025391275624848
first night,25,15,5,8.256004203766265
horrible smell,4,9,3,10.89986039354099
clean bed,5,14,1,8.35553987731718
ur bed,1,14,1,10.677467972204541
s disgusting,6,0,1,0.0
really annoying,5,1,1,12.162894799374783
separate bed,2,14,1,9.677467972204541
european thing,2,12,1,9.899860393540989
bad condition,14,2,1,9.677467972204541
low quality,2,6,1,10.899860393540989
little cleaner,23,1,1,9.961260938205132
tired lot,1,1,1,14.484822894262146
little dirty,23,2,1,8.961260938205132
small leak,44,1,1,9.025391275624848
worth mentioning,2,0,1,0.0
good value,21,6,5,9.829471065649592
tall girl,2,1,1,13.484822894262146
expensive location,6,2,1,10.899860393540989
nearest subway,1,1,1,14.484822894262146
massive expansion,2,1,1,13.484822894262146
great bit,6,9,1,8.729935392098676
new pillow,8,5,1,9.162894799374783
good quality,21,6,2,8.507542970762229
t aware,27,1,1,9.729935392098676
separate room,2,100,1,6.840966704487421
double deluxe,11,1,1,11.025391275624848
different member,10,1,1,11.162894799374783
light fitting,1,1,1,14.484822894262146
bad experience,14,7,3,9.455075550868093
only complaint,17,2,2,10.397360053011806
next door,17,9,6,9.81239755229065
major issue,8,8,2,9.484822894262146
expensive side,6,11,1,8.440428774903692
still waiting,3,0,1,0.0
little card,23,1,1,9.961260938205132
free drink,9,8,5,10.636825987707196
lovely garden,3,2,1,11.899860393540989
next morning,17,7,2,8.590005130954202
good hour,21,2,1,9.092505471483385
t stay,27,6,1,7.144972891377521
very annoying,6,1,1,11.899860393540989
real place,4,4,1,10.484822894262146
really listening,5,0,1,0.0
whole bathroom,8,13,2,8.784383176121054
half hotel,1,20,1,10.162894799374783
next day,17,14,6,9.174967631675358
shouldnt get,1,2,1,13.484822894262146
other compensation,19,1,1,10.23689538081856
extensive development,3,1,1,12.899860393540989
very disturbing,6,0,2,0.0
sound rickety,1,1,1,14.484822894262146
worse turning,1,0,1,0.0
chinese water,1,7,1,11.677467972204541
t mean,27,2,2,9.729935392098676
complete view,2,3,1,11.899860393540989
new towel,8,3,1,9.899860393540989
transparent glass,1,2,1,13.484822894262146
own privacy,3,3,1,11.314897892819832
considerable renovation,1,4,1,12.484822894262146
free drink,9,8,5,10.636825987707196
nice gesture,6,1,1,11.899860393540989
tea coffee,3,9,3,11.314897892819832
first room,25,100,6,5.782073015433853
local law,3,1,1,12.899860393540989
real bazaar,4,1,1,12.484822894262146
sink wasn,1,1,1,14.484822894262146
own experience,3,7,1,10.092505471483385
t sleep,27,3,1,8.14497289137752
hot problem,9,4,1,9.314897892819832
next day,17,14,6,9.174967631675358
better room,7,100,1,5.0336117824298166
proper sleep,3,3,1,11.314897892819832
new room,8,100,2,5.840966704487421
historical building,1,7,1,11.677467972204541
main entrance,4,3,1,10.899860393540989
upper level,2,4,2,12.484822894262146
lower level,6,4,1,9.899860393540989
steep ladder,9,1,1,11.314897892819832
first impression,25,3,2,9.256004203766265
back door,3,9,1,9.729935392098676
back rest,3,1,1,12.899860393540989
precarious breakfast,1,12,1,10.899860393540989
outside restaurant,1,2,1,13.484822894262146
hot water,9,7,1,8.507542970762229
too sharing,1,0,1,0.0
particularly bathroom,1,13,1,10.784383176121054
clear sign,1,2,1,13.484822894262146
daily cleaning,2,2,1,12.484822894262146
more attention,13,1,1,10.784383176121054
previous review,5,3,1,10.577932298653627
extortionate price,1,7,1,11.677467972204541
good idea,21,1,1,10.092505471483385
few time,6,18,2,8.729935392098676
first glance,25,1,1,9.840966704487421
first floor,25,22,3,6.96649758657128
small refrigerator,44,1,1,9.025391275624848
upstairs bedroom,1,2,1,13.484822894262146
nightmare room,1,100,1,7.840966704487421
different sound,10,2,1,10.162894799374783
clean room,5,100,2,6.5190386096000585
shampoo razor,1,1,1,14.484822894262146
only negative,17,1,1,10.397360053011806
huge problem,5,4,1,10.162894799374783
other guest,19,9,3,8.651932880097403
pre booking,1,3,1,12.899860393540989
very welcoming,6,0,1,0.0
larger construction,4,7,1,9.677467972204541
first sight,25,1,1,9.840966704487421
reduced space,2,9,1,10.314897892819832
steep stair,9,6,2,9.729935392098676
other end,19,1,1,10.23689538081856
big issue,9,8,1,8.314897892819832
quiet hotel,3,20,1,8.577932298653627
enough soap,5,1,1,12.162894799374783
non issue,2,8,1,10.484822894262146
visual inconvenience,1,1,1,14.484822894262146
open concept,1,1,1,14.484822894262146
whole bathroom,8,13,2,8.784383176121054
huge fan,5,1,1,12.162894799374783
glass wall,1,3,1,12.899860393540989
fresh towel,4,3,1,10.899860393540989
big light,9,2,1,10.314897892819832
steep stair,9,6,2,9.729935392098676
scared walking,1,0,1,0.0
didn t,5,8,5,11.484822894262146
bad experience,14,7,3,9.455075550868093
just champu,6,1,1,11.899860393540989
shower cap,6,1,1,11.899860393540989
heavy use,2,1,1,13.484822894262146
minor detail,3,2,1,11.899860393540989
more water,13,7,1,7.977028254063449
small room,44,100,16,6.381535085850124
small step,44,4,1,7.025391275624848
general show,3,1,1,12.899860393540989
noisy room,4,100,2,6.840966704487421
few meter,6,1,1,11.899860393540989
not working,17,1,5,12.719288147899169
daily basis,2,1,1,13.484822894262146
fresh cup,4,2,1,11.484822894262146
used toilet,2,2,1,12.484822894262146
only thing,17,12,6,9.397360053011806
decent storage,1,3,1,12.899860393540989
still going,3,0,1,0.0
minimal disruption,3,1,1,12.899860393540989
more eye,13,1,1,10.784383176121054
other part,19,3,1,8.651932880097403
slow check,3,6,1,10.314897892819832
minimal space,3,9,1,9.729935392098676
pricey considering,2,0,1,0.0
long check,7,6,1,9.092505471483385
only thing,17,12,6,9.397360053011806
unusual room,1,100,1,7.840966704487421
limited storage,4,3,1,10.899860393540989
small air,44,8,1,6.025391275624848
loud aircondition,5,1,1,12.162894799374783
small staircase,44,6,1,6.440428774903692
nearly everything,1,2,1,13.484822894262146
twin room,2,100,1,6.840966704487421
twin bed,2,14,1,9.677467972204541
double room,11,100,5,6.7034631807374865
double bed,11,14,3,8.8029988542884
unclear entrance,1,3,1,12.899860393540989
not looking,17,0,1,0.0
previous guest,5,9,2,9.99296979793247
other people,19,4,1,8.23689538081856
didn t,5,8,5,11.484822894262146
narrow stair,6,6,1,9.314897892819832
pleasant night,3,15,1,8.99296979793247
little bit,23,9,4,8.79133593676282
much construction,8,7,1,8.677467972204541
poor air,4,8,1,9.484822894262146
black makesitabit,5,1,1,12.162894799374783
small room,44,100,16,6.381535085850124
enough space,5,9,1,8.99296979793247
trams frequent,1,1,1,14.484822894262146
average breakfast,1,12,1,10.899860393540989
other guest,19,9,3,8.651932880097403
smelly room,1,100,1,7.840966704487421
bad smell,14,9,1,7.50754297076223
lounge area,1,7,1,11.677467972204541
cold room,8,100,1,4.840966704487421
other guest,19,9,3,8.651932880097403
steep staircase,9,6,4,10.729935392098676
noisy dark,4,1,1,12.484822894262146
rowdy neighbor,1,1,1,14.484822894262146
small room,44,100,16,6.381535085850124
easy tram,2,1,1,13.484822894262146
long walk,7,1,1,11.677467972204541
centre breakfast,1,12,1,10.899860393540989
good hotel,21,20,1,5.770577376596023
really nothing,5,2,2,12.162894799374783
large suit,3,1,1,12.899860393540989
cab service,1,5,1,12.162894799374783
little storage,23,3,1,8.376298437483976
small side,44,11,6,8.150922157708708
about parking,1,1,1,14.484822894262146
complimentary drink,4,8,1,9.484822894262146
only staying,17,0,1,0.0
different room,10,100,3,6.104001110321215
extra cost,6,3,2,11.314897892819832
cooked element,2,1,1,13.484822894262146
continental selection,1,7,1,11.677467972204541
top floor,5,22,4,9.703463180737486
top floor,5,22,4,9.703463180737486
electrical issue,2,8,1,10.484822894262146
loud knocking,5,1,1,12.162894799374783
second room,11,100,3,5.96649758657128
good quality,21,6,2,8.507542970762229
t mean,27,2,2,9.729935392098676
bad day,14,14,1,6.870113050146937
worth calling,2,0,1,0.0
cardio equipment,1,1,1,14.484822894262146
real ventilation,4,1,1,12.484822894262146
lower ground,6,4,4,11.899860393540989
smallest bathroom,1,13,1,10.784383176121054
awful view,1,3,1,12.899860393540989
not inspiring,17,0,1,0.0
single room,7,100,1,5.0336117824298166
squeaky floor,1,22,1,10.025391275624848
only guest,17,9,1,7.227435051569493
single welcome,7,1,1,11.677467972204541
good morning,21,7,2,8.285150549425781
special requirement,2,1,1,13.484822894262146
nice property,6,1,1,11.899860393540989
indifferent attitude,1,2,1,13.484822894262146
striking difference,1,1,1,14.484822894262146
small hotel,44,20,2,5.7034631807374865
cashier mashine,1,1,1,14.484822894262146
back office,3,1,1,12.899860393540989
expire month,1,1,1,14.484822894262146
mobile phone,3,2,2,12.899860393540989
informed regarding,1,0,1,0.0
specific question,1,1,1,14.484822894262146
good lighting,21,0,1,0.0
4th floor,1,22,1,10.025391275624848
larger room,4,100,2,6.840966704487421
awkward size,1,1,1,14.484822894262146
little stuffy,23,1,1,9.961260938205132
shower temperature,6,3,1,10.314897892819832
great place,6,4,1,9.899860393540989
fresh air,4,8,1,9.484822894262146
free breakfast,9,12,1,7.729935392098677
also bacon,5,3,1,10.577932298653627
same oven,13,1,1,10.784383176121054
free food,9,2,1,10.314897892819832
much option,8,1,1,11.484822894262146
clean fitness,5,1,1,12.162894799374783
fitness center,1,1,1,14.484822894262146
small room,44,100,16,6.381535085850124
soft bathroom,3,13,1,9.199420675399898
wee bit,1,9,1,11.314897892819832
same consideration,13,1,1,10.784383176121054
top floor,5,22,4,9.703463180737486
cold water,8,7,1,8.677467972204541
non slip,2,1,1,13.484822894262146
second room,11,100,3,5.96649758657128
s security,6,1,1,11.899860393540989
standard room,2,100,2,7.840966704487421
euros deposit,1,1,1,14.484822894262146
potential mini,1,2,1,13.484822894262146
only thing,17,12,6,9.397360053011806
big deal,9,5,1,8.99296979793247
soft mattress,3,1,1,12.899860393540989
next morning,17,7,2,8.590005130954202
worst room,2,100,1,6.840966704487421
second day,11,14,4,9.218036353567244
reduced price,2,7,1,10.677467972204541
second day,11,14,4,9.218036353567244
really nothing,5,2,2,12.162894799374783
perfect choice,1,5,1,12.162894799374783
cold winter,8,1,1,11.484822894262146
double bed,11,14,3,8.8029988542884
accessible plug,1,2,1,13.484822894262146
t take,27,1,1,9.729935392098676
few sachet,6,1,1,11.899860393540989
hot chocolate,9,1,1,11.314897892819832
t matter,27,1,1,9.729935392098676
low lucky,2,1,1,13.484822894262146
small esp,44,1,1,9.025391275624848
convincing explanation,1,1,1,14.484822894262146
lower ground,6,4,4,11.899860393540989
t smell,27,9,1,6.560010390656364
already part,1,3,1,12.899860393540989
best start,3,1,1,12.899860393540989
wrong room,4,100,1,5.840966704487421
valid timeset,1,1,1,14.484822894262146
european staff,2,8,1,10.484822894262146
cheap orange,2,1,1,13.484822894262146
tap water,1,7,1,11.677467972204541
horrible exchange,4,1,1,12.484822894262146
so disgusting,1,0,1,0.0
make sure,1,1,1,14.484822894262146
early arrival,4,1,1,12.484822894262146
last year,3,1,1,12.899860393540989
ten day,1,14,1,10.677467972204541
cleaner maid,2,1,1,13.484822894262146
not happening,17,0,1,0.0
5th floor,1,22,1,10.025391275624848
fast lack,1,2,1,13.484822894262146
replenish toiletry,1,1,1,14.484822894262146
facial tissue,1,1,1,14.484822894262146
bed cover,2,2,1,12.484822894262146
central heating,5,2,2,12.162894799374783
not working,17,1,5,12.719288147899169
other review,19,3,1,8.651932880097403
dated apart,3,1,1,12.899860393540989
other room,19,100,6,6.178001691764992
eg talking,1,0,1,0.0
double room,11,100,5,6.7034631807374865
really struggling,5,0,1,0.0
wardrobe space,1,9,1,11.314897892819832
enough plug,5,2,1,11.162894799374783
umcomfortable facilities,1,1,1,14.484822894262146
basic toileteries,4,1,1,12.484822894262146
only shampoo,17,1,1,10.397360053011806
shower gel,6,1,1,11.899860393540989
bad quality,14,6,1,8.092505471483385
same area,13,7,1,7.977028254063449
several time,4,18,2,9.314897892819832
slow room,3,100,1,6.256004203766265
small room,44,100,16,6.381535085850124
maybe bathroom,1,13,1,10.784383176121054
tight space,2,9,1,10.314897892819832
proper air,3,8,1,9.899860393540989
comfortable temperature,3,3,1,11.314897892819832
own toilet,3,2,1,11.899860393540989
sbsolutely disturbing,1,0,1,0.0
electric heater,4,2,1,11.484822894262146
bad night,14,15,1,6.770577376596023
superior room,1,100,1,7.840966704487421
first morning,25,7,1,7.0336117824298166
second morning,11,7,1,8.218036353567244
busy hotel,2,20,1,9.162894799374783
close walking,1,0,1,0.0
orthopaedic firm,1,2,1,13.484822894262146
limited selection,4,7,2,10.677467972204541
better breakfast,7,12,2,9.092505471483385
personal choice,2,5,2,12.162894799374783
plastic bag,1,2,1,13.484822894262146
rubbish bin,1,1,1,14.484822894262146
just walking,6,0,1,0.0
perhaps seating,1,1,1,14.484822894262146
local restaurant,3,2,1,11.899860393540989
simple map,2,1,1,13.484822894262146
great help,6,2,1,10.899860393540989
first time,25,18,3,7.256004203766265
different staff,10,8,1,8.162894799374783
poor english,4,1,1,12.484822894262146
many guest,2,9,1,10.314897892819832
official price,2,7,1,10.677467972204541
good offer,21,1,1,10.092505471483385
little warm,23,1,1,9.961260938205132
dry clothes,1,1,1,14.484822894262146
extra teabags,6,1,1,11.899860393540989
not brewing,17,0,1,0.0
small side,44,11,6,8.150922157708708
hot weather,9,1,1,11.314897892819832
big window,9,5,3,10.577932298653627
cleaner bug,2,1,1,13.484822894262146
lower price,6,7,1,9.092505471483385
t cool,27,2,1,8.729935392098676
smaller side,2,11,1,10.025391275624848
shower ran,6,1,1,11.899860393540989
old toothpaste,9,1,1,11.314897892819832
general instruction,3,1,1,12.899860393540989
semi evacuation,1,1,1,14.484822894262146
electrical short,2,1,1,13.484822894262146
subsequent acknowledgement,1,1,1,14.484822894262146
small discount,44,1,1,9.025391275624848
little time,23,18,1,5.79133593676282
small side,44,11,6,8.150922157708708
major issue,8,8,2,9.484822894262146
pungent smell,1,9,1,11.314897892819832
t work,27,3,2,9.14497289137752
little noisy,23,2,1,8.961260938205132
farthest room,1,100,1,7.840966704487421
uncomfortable bed,3,14,1,9.092505471483385
worn looking,2,0,1,0.0
double room,11,100,5,6.7034631807374865
double room,11,100,5,6.7034631807374865
called mini,1,2,1,13.484822894262146
mini bar,1,2,1,13.484822894262146
bare fridge,1,2,1,13.484822894262146
many time,2,18,1,9.314897892819832
added cost,2,3,1,11.899860393540989
fewer facility,1,2,1,13.484822894262146
great deal,6,5,2,10.577932298653627
t think,27,1,1,9.729935392098676
good value,21,6,5,9.829471065649592
upgraded room,1,100,1,7.840966704487421
fantastic hotel,1,20,1,10.162894799374783
fashioned kettle,1,1,1,14.484822894262146
instant coffee,1,9,1,11.314897892819832
tepid water,1,7,1,11.677467972204541
small room,44,100,16,6.381535085850124
central air,5,8,1,9.162894799374783
small hotel,44,20,2,5.7034631807374865
dated breakfast,3,12,1,9.314897892819832
front door,2,9,2,11.314897892819832
alternative entrance,2,3,1,11.899860393540989
rigid rule,1,1,1,14.484822894262146
early check,4,6,1,9.899860393540989
tall staff,2,8,1,10.484822894262146
stern face,1,1,1,14.484822894262146
harsh tone,1,1,1,14.484822894262146
good morning,21,7,2,8.285150549425781
just hoping,6,0,1,0.0
even looking,3,0,1,0.0
first pair,25,1,1,9.840966704487421
self service,1,5,1,12.162894799374783
t help,27,2,1,8.729935392098676
other room,19,100,6,6.178001691764992
s standard,6,1,1,11.899860393540989
same form,13,1,1,10.784383176121054
same info,13,2,1,9.784383176121054
whole booking,8,3,1,9.899860393540989
only following,17,0,1,0.0
exhausted guest,1,9,1,11.314897892819832
several day,4,14,1,8.677467972204541
broken window,2,5,1,11.162894799374783
much room,8,100,1,4.840966704487421
excellent customer,1,1,1,14.484822894262146
double room,11,100,5,6.7034631807374865
next door,17,9,6,9.81239755229065
quite disturbing,1,0,1,0.0
new menu,8,1,1,11.484822894262146
very appealing,6,0,1,0.0
single thing,7,12,1,8.092505471483385
few time,6,18,2,8.729935392098676
pleasant stay,3,6,2,11.314897892819832
small thing,44,12,1,5.440428774903692
long way,7,3,1,10.092505471483385
next trip,17,2,1,9.397360053011806
just coming,6,0,1,0.0
good value,21,6,5,9.829471065649592
huge deal,5,5,1,9.840966704487421
warm aircon,4,1,1,12.484822894262146
not cooling,17,1,2,11.397360053011806
spa area,1,7,1,11.677467972204541
small side,44,11,6,8.150922157708708
advertised twin,2,2,1,12.484822894262146
better selection,7,7,1,8.870113050146937
fruit selection,2,7,1,10.677467972204541
english breakfast,3,12,2,10.314897892819832
wait staff,1,8,1,11.484822894262146
several time,4,18,2,9.314897892819832
front door,2,9,2,11.314897892819832
fourth floor,1,22,1,10.025391275624848
narrow window,6,5,1,9.577932298653627
acceptable frequency,1,1,1,14.484822894262146
hot dish,9,1,1,11.314897892819832
new management,8,2,2,11.484822894262146
no sparkling,1,0,1,0.0
cheese selection,1,7,1,11.677467972204541
small change,44,3,1,7.440428774903692
nice touch,6,2,2,11.899860393540989
now lacking,1,0,1,0.0
disorganised staff,1,8,1,11.484822894262146
small plate,44,1,1,9.025391275624848
exec room,1,100,1,7.840966704487421
warm cooling,4,1,1,12.484822894262146
famous breakfast,1,12,1,10.899860393540989
noisy reveller,4,1,1,12.484822894262146
uncomfortable leaving,3,0,1,0.0
big business,9,1,1,11.314897892819832
proper wifi,3,1,1,12.899860393540989
bad thing,14,12,1,7.092505471483385
teh hotel,1,20,1,10.162894799374783
little bit,23,9,4,8.79133593676282
much space,8,9,1,8.314897892819832
warm air,4,8,1,9.484822894262146
cold spell,8,2,2,11.484822894262146
alternative room,2,100,1,6.840966704487421
cold one,8,1,1,11.484822894262146
double glazing,11,1,1,11.025391275624848
noise outside,2,1,1,13.484822894262146
old hotel,9,20,1,6.992969797932471
reasonable choice,1,5,1,12.162894799374783
dated hotel,3,20,1,8.577932298653627
little input,23,1,1,9.961260938205132
bad surprise,14,1,1,10.677467972204541
more fruit,13,2,1,9.784383176121054
only thing,17,12,6,9.397360053011806
fussy eater,1,1,1,14.484822894262146
same room,13,100,2,5.1405269863463285
long time,7,18,2,8.507542970762229
bad neck,14,1,1,10.677467972204541
absolutely stifling,2,0,1,0.0
first night,25,15,5,8.256004203766265
best hotel,3,20,1,8.577932298653627
little cold,23,2,1,8.961260938205132
older heating,2,2,1,12.484822894262146
small smell,44,9,1,5.855466274182536
shower drain,6,2,2,11.899860393540989
first night,25,15,5,8.256004203766265
constant noise,3,7,2,11.092505471483385
ac unit,1,1,1,14.484822894262146
hot breakfast,9,12,2,8.729935392098676
old building,9,7,3,10.092505471483385
top floor,5,22,4,9.703463180737486
thin wall,1,3,1,12.899860393540989
terrible night,4,15,1,8.577932298653627
dining room,1,100,1,7.840966704487421
hard pillow,1,5,1,12.162894799374783
high street,4,2,1,11.484822894262146
little extreme,23,1,1,9.961260938205132
small luxury,44,1,1,9.025391275624848
t realise,27,2,2,9.729935392098676
limited space,4,9,1,9.314897892819832
constant tapping,3,1,1,12.899860393540989
not work,17,3,1,8.81239755229065
lower ground,6,4,4,11.899860393540989
opposite service,1,5,1,12.162894799374783
lacked privacy,1,3,1,12.899860393540989
simple cocktail,2,1,1,13.484822894262146
loud noise,5,7,2,10.35553987731718
extra socket,6,1,1,11.899860393540989
sixth visit,1,2,1,13.484822894262146
whole family,8,1,1,11.484822894262146
sparkling wine,2,1,1,13.484822894262146
quiet room,3,100,1,6.256004203766265
small side,44,11,6,8.150922157708708
good coffee,21,9,1,6.922580470041073
early hour,4,2,1,11.484822894262146
english breakfast,3,12,2,10.314897892819832
different nationality,10,1,1,11.162894799374783
little bit,23,9,4,8.79133593676282
not working,17,1,5,12.719288147899169
cold air,8,8,1,8.484822894262146
smallish room,1,100,1,7.840966704487421
disabled facility,2,2,1,12.484822894262146
standard room,2,100,2,7.840966704487421
bigger room,3,100,3,7.840966704487421
bigger room,3,100,3,7.840966704487421
central heating,5,2,2,12.162894799374783
electric radiator,4,1,1,12.484822894262146
central hotel,5,20,1,7.840966704487421
not value,17,6,1,7.8123975522906495
wrong date,4,1,1,12.484822894262146
next night,17,15,1,6.490469457403288
canceled booking,2,3,1,11.899860393540989
canceled night,2,15,1,9.577932298653627
wrong night,4,15,1,8.577932298653627
nice people,6,4,1,9.899860393540989
same room,13,100,2,5.1405269863463285
double bed,11,14,3,8.8029988542884
single bed,7,14,2,8.870113050146937
higher floor,1,22,1,10.025391275624848
good time,21,18,1,5.922580470041073
warm felt,4,1,1,12.484822894262146
friendly policy,2,1,1,13.484822894262146
unnecessary waste,1,1,1,14.484822894262146
typical tourist,1,1,1,14.484822894262146
single tube,7,2,1,10.677467972204541
amazing bathrobe,2,1,1,13.484822894262146
larger bed,4,14,1,8.677467972204541
previous visit,5,2,1,11.162894799374783
original stay,1,6,1,11.899860393540989
full website,5,2,1,11.162894799374783
mobile website,3,2,1,11.899860393540989
small bathroom,44,13,4,7.3249515574837565
small people,44,4,1,7.025391275624848
u guess,1,1,1,14.484822894262146
few slice,6,1,1,11.899860393540989
executive service,1,5,1,12.162894799374783
hot breakfast,9,12,2,8.729935392098676
first day,25,14,1,6.0336117824298166
eggs bacon,1,3,1,12.899860393540989
positive feedback,1,1,1,14.484822894262146
attic room,2,100,2,7.840966704487421
mixer tap,1,1,1,14.484822894262146
t realise,27,2,2,9.729935392098676
fixed price,1,7,1,11.677467972204541
private firm,1,2,1,13.484822894262146
black cab,5,1,1,12.162894799374783
absolutely stank,2,1,1,13.484822894262146
small room,44,100,16,6.381535085850124
complimentary coffee,4,9,2,10.314897892819832
other room,19,100,6,6.178001691764992
small room,44,100,16,6.381535085850124
first room,25,100,6,5.782073015433853
loud floorboard,5,1,1,12.162894799374783
fifth floor,1,22,1,10.025391275624848
hot entree,9,1,1,11.314897892819832
often selection,1,7,1,11.677467972204541
bad experience,14,7,3,9.455075550868093
same hotel,13,20,1,6.462455081233691
sharp debris,1,1,1,14.484822894262146
tried standing,1,1,1,14.484822894262146
good value,21,6,5,9.829471065649592
other hotel,19,20,1,5.914967285931198
comprehensive get,1,2,1,13.484822894262146
e g,1,1,1,14.484822894262146
timid fox,1,1,1,14.484822894262146
small child,44,1,1,9.025391275624848
used cup,2,2,1,12.484822894262146
cooked tuna,2,1,1,13.484822894262146
lower ground,6,4,4,11.899860393540989
good condition,21,2,1,9.092505471483385
limited selection,4,7,2,10.677467972204541
not working,17,1,5,12.719288147899169
portable heater,1,2,1,13.484822894262146
disabled access,2,1,1,13.484822894262146
small room,44,100,16,6.381535085850124
much noise,8,7,2,9.677467972204541
special treatment,2,1,1,13.484822894262146
regular guest,1,9,1,11.314897892819832
preliminary notice,1,1,1,14.484822894262146
silly price,1,7,1,11.677467972204541
rather noisy,1,2,1,13.484822894262146
once party,1,1,1,14.484822894262146
external factor,1,1,1,14.484822894262146
small room,44,100,16,6.381535085850124
tight bathroom,2,13,1,9.784383176121054
big guy,9,1,1,11.314897892819832
not working,17,1,5,12.719288147899169
earmy interrupting,1,0,1,0.0
little room,23,100,1,3.317404748430408
small room,44,100,16,6.381535085850124
broken tv,2,4,1,11.484822894262146
strange smell,2,9,1,10.314897892819832
espresso coffee,1,9,1,11.314897892819832
small room,44,100,16,6.381535085850124
third floor,1,22,1,10.025391275624848
tiny bar,3,2,1,11.899860393540989
free internet,9,1,1,11.314897892819832
t book,27,2,1,8.729935392098676
pleasant stay,3,6,2,11.314897892819832
little snug,23,1,1,9.961260938205132
same time,13,18,2,7.614458174678741
small room,44,100,16,6.381535085850124
small bathroom,44,13,4,7.3249515574837565
english accent,3,1,1,12.899860393540989
small elevator,44,1,1,9.025391275624848
noisy room,4,100,2,6.840966704487421
small bathroom,44,13,4,7.3249515574837565
expensive buffet,6,2,1,10.899860393540989
views non,1,1,1,14.484822894262146
next door,17,9,6,9.81239755229065
extra bed,6,14,1,8.092505471483385
painful night,1,15,1,10.577932298653627
alittle bit,1,9,1,11.314897892819832
worn dusty,2,1,1,13.484822894262146
larger room,4,100,2,6.840966704487421
not going,17,0,1,0.0
t dislike,27,1,1,9.729935392098676
same choice,13,5,1,8.46245508123369
triple room,2,100,2,7.840966704487421
full upgrade,5,2,1,11.162894799374783
huge luggage,5,1,1,12.162894799374783
small side,44,11,6,8.150922157708708
personal choice,2,5,2,12.162894799374783
triple room,2,100,2,7.840966704487421
advertised picture,2,1,1,13.484822894262146
enough lighting,5,0,1,0.0
just lamp,6,1,1,11.899860393540989
early morning,4,7,1,9.677467972204541
complimentary coffee,4,9,2,10.314897892819832
nice touch,6,2,2,11.899860393540989
small room,44,100,16,6.381535085850124
basic appears,4,1,1,12.484822894262146
previous stay,5,6,1,9.577932298653627
cosmetic bag,1,2,1,13.484822894262146
top quality,5,6,1,9.577932298653627
bigger room,3,100,3,7.840966704487421
applicable everything,1,2,1,13.484822894262146
london bit,1,9,1,11.314897892819832
unstable bitrate,1,1,1,14.484822894262146
don t,1,8,1,11.484822894262146
good value,21,6,5,9.829471065649592
tiny shower,3,1,1,12.899860393540989
spare blanket,1,1,1,14.484822894262146
sudden temperature,1,3,1,12.899860393540989
single bed,7,14,2,8.870113050146937
king executive,1,1,1,14.484822894262146
terrible lay,4,2,1,11.484822894262146
full price,5,7,1,9.35553987731718
better deal,7,5,1,9.35553987731718
added expense,2,1,1,13.484822894262146
local car,3,1,1,12.899860393540989
detailed info,1,2,1,13.484822894262146
green elephant,1,1,1,14.484822894262146
t seam,27,1,1,9.729935392098676
palatable i,1,2,1,13.484822894262146
restaurant staff,1,8,1,11.484822894262146
minimal consisting,3,1,1,12.899860393540989
black pudding,5,1,1,12.162894799374783
international plan,1,1,1,14.484822894262146
other location,19,2,1,9.23689538081856
only thing,17,12,6,9.397360053011806
different pillow,10,5,1,8.840966704487421
easy parking,2,1,1,13.484822894262146
more discreet,13,1,1,10.784383176121054
t try,27,1,1,9.729935392098676
more seating,13,1,1,10.784383176121054
t ideal,27,1,1,9.729935392098676
second time,11,18,1,6.855466274182536
first time,25,18,3,7.256004203766265
basic room,4,100,2,6.840966704487421
expensive room,6,100,2,6.256004203766265
free upgrade,9,2,1,10.314897892819832
first time,25,18,3,7.256004203766265
same reservation,13,1,1,10.784383176121054
different building,10,7,1,8.35553987731718
different floor,10,22,1,6.7034631807374865
same building,13,7,1,7.977028254063449
complimentary item,4,1,1,12.484822894262146
empty box,5,1,1,12.162894799374783
